{"mse": 0.8353585661794699, "r2": 0.16537290734560028}